,scientific_name,common_name,genus,percentage,count
0,Platanus x hispanica,Sycamore: London Plane,Platanus,7.09359340481707,2633
1,Metrosideros excelsa,New Zealand Xmas Tree,Metrosideros,5.218492375666792,1937
2,Lophostemon confertus,Brisbane Box,Lophostemon,4.652729134112829,1727
3,Pittosporum undulatum,Victorian Box,Pittosporum,4.496470715016973,1669
4,Tristaniopsis laurina,Swamp Myrtle,Tristaniopsis,4.248612533002856,1577
5,Ficus microcarpa nitida 'Green Gem',Indian Laurel Fig Tree 'Green Gem',Ficus,3.8391077105447495,1425
6,Magnolia grandiflora,Southern Magnolia,Magnolia,3.7097903981895572,1377
7,Prunus cerasifera,Cherry Plum,Prunus,3.518508540330837,1306
8,Arbutus 'Marina',Hybrid Strawberry Tree,Arbutus,2.8638396465326794,1063
9,Prunus serrulata 'Kwanzan',Kwanzan Flowering Cherry,Prunus,2.2657470768899186,841
10,Acacia melanoxylon,Blackwood Acacia,Acacia,2.209170752734522,820
11,Olea europaea,Olive Tree,Olea,2.125653321838461,789
12,Corymbia ficifolia,Red Flowering Gum,Corymbia,2.1067945471199954,782
13,Maytenus boaria,Mayten,Maytenus,2.063688776334932,766
14,Callistemon citrinus,Lemon Bottlebrush,Callistemon,1.845465811735546,685
15,Ginkgo biloba,Maidenhair Tree,Ginkgo,1.7835012662320169,662
16,Pyrus calleryana,Ornamental Pear,Pyrus,1.6245487364620936,603
17,Ulmus parvifolia,Chinese Elm,Ulmus,1.5033137561291017,558
18,Ligustrum lucidum,Glossy Privet,Ligustrum,1.295867234225982,481
19,Eriobotrya deflexa,Bronze Loquat,Eriobotrya,1.2554555741149847,466
20,Pinus radiata,Monterey Pine,Pinus,1.147691147152325,426
21,Pyrus kawakamii,Evergreen Pear,Pyrus,1.0345384988415325,384
22,Cordyline australis,Dracena Palm,Cordyline,1.004903281426801,373
23,Prunus serrulata,Ornamental Cherry,Prunus,0.9968209494046014,370
24,Pittosporum crassifolium,Karo Tree,Pittosporum,0.9698798426639366,360
25,Tristania conferta,,Tristania,0.9402446252492052,349
26,Juniperus chinensis,Juniper,Juniperus,0.9267740718788728,344
27,Cupressus macrocarpa,Monterey Cypress,Cupressus,0.9267740718788728,344
28,Liquidambar styraciflua,American Sweet Gum,Liquidambar,0.8863624117678754,329
29,Tristaniopsis laurina 'Elegant',Small-leaf Tristania 'Elegant',Tristaniopsis,0.8809741904197425,327
30,Myoporum laetum,Myoporum,Myoporum,0.851338973005011,316
31,Ficus retusa nitida,Banyan Fig,Ficus,0.8378684196346785,311
32,Melaleuca quinquenervia,Cajeput,Melaleuca,0.8351743089606121,310
33,Ficus nitida,Laurel Fig,Ficus,0.7435745460423514,276
34,Washingtonia robusta,Mexican Fan Palm,Washingtonia,0.6250336763834259,232
35,Lagunaria patersonii,Primrose Tree,Lagunaria,0.6115631230130935,227
36,Phoenix canariensis,Canary Island Date Palm,Phoenix,0.5657632415539631,210
37,Schinus terebinthifolius,Brazilian Pepper,Schinus,0.5603750202058301,208
38,Agonis flexuosa,Peppermint Willow,Agonis,0.5361280241392317,199
39,Eucalyptus polyanthemos,Silver Dollar Eucalyptus,Eucalyptus,0.5307398027910987,197
40,Magnolia grandiflora 'Little Gem',Little Gem Magnolia,Magnolia,0.5226574707688992,194
41,Jacaranda mimosifolia,Jacaranda,Jacaranda,0.5172692494207662,192
42,Laurus nobilis,Sweet Bay: Grecian Laurel,Laurus,0.5091869173985668,189
43,Syagrus romanzoffianum,Queen Palm,Syagrus,0.5037986960504338,187
44,Acer rubrum,Red Maple,Acer,0.5011045853763673,186
45,Callistemon viminalis,Weeping Bottlebrush,Callistemon,0.4633870359394364,172
46,Ceratonia siliqua,Carob,Ceratonia,0.4606929252653699,171
47,Ficus microcarpa,Chinese Banyan,Ficus,0.43105770785063846,160
48,Eucalyptus sideroxylon,Red Ironbark,Eucalyptus,0.4041166011099736,150
49,Arbutus unedo,Strawberry Tree,Arbutus,0.3690931623471092,137
50,Crataegus phaenopyrum,Washington Hawthorn,Crataegus,0.3421520556064443,127
51,Acacia baileyana,Bailey's Acacia,Acacia,0.33406972358424486,124
52,Fraxinus uhdei,Shamel Ash: Evergreen Ash,Fraxinus,0.3152109488657794,117
53,Quercus agrifolia,Coast Live Oak,Quercus,0.30712861684357995,114
54,Syzygium paniculatum,Brush Cherry,Syzygium,0.29904628482138046,111
55,Afrocarpus gracilior,Fern Pine,Afrocarpus,0.29365806347324747,109
56,Lyonothamnus floribundus subsp. asplenifolius,Santa Cruz Ironwood,Lyonothamnus,0.29096395279918097,108
57,Rhamnus alaternus,Italian Buckthorn,Rhamnus,0.29096395279918097,108
58,Leptospermum scoparium,New Zealand Tea Tree,Leptospermum,0.28557573145104803,106
59,Yucca gloriosa,Spanish Dagger,Yucca,0.27479928875478205,102
60,Rhaphiolepis Majestic Beauty,Indian Hawthorn  'Majestic Beau',Rhaphiolepis,0.27479928875478205,102
61,Acer palmatum,Japanese Maple,Acer,0.27210517808071555,101
62,Pyrus calleryana 'Aristocrat',Aristocrat Callery Pear,Pyrus,0.26941106740664905,100
63,Pistacia chinensis,Chinese Pistache,Pistacia,0.2613287353844496,97
64,Taxus baccata,Irish Yew,Taxus,0.2586346247103831,96
65,Eucalyptus globulus,Blue Gum,Eucalyptus,0.2532464033622501,94
66,Ulmus pumila,Siberian Elm,Ulmus,0.23977584999191767,89
67,Acer buergeranum,Trident Maple,Acer,0.23977584999191767,89
68,Dodonaea viscosa 'Purpurea',Purple Hopseed Bush,Dodonaea,0.2316935179697182,86
69,Magnolia grandiflora 'Samuel Sommer',Samuel Sommer Magnolia,Magnolia,0.2316935179697182,86
70,Photinia fraseri,Photinia: Chinese photinia,Photinia,0.22630529662158524,84
71,Geijera parviflora,Australian Willow,Geijera,0.22630529662158524,84
72,Pinus pinea,Italian Stone Pine,Pinus,0.22091707527345222,82
73,Crataegus laevigata,English Hawthorn,Crataegus,0.21822296459938573,81
74,Fraxinus spp,Ash Spp,Fraxinus,0.21552885392531923,80
75,Acacia stenophylla,Shoestring Acacia,Acacia,0.21014063257718626,78
76,Platanus x hispanica 'Yarwood',Yarwood Sycamore,Platanus,0.21014063257718626,78
77,Trachycarpus fortunei,Windmill Palm,Trachycarpus,0.2074465219031198,77
78,Populus nigra 'Italica',Lombardy Poplar,Populus,0.19397596853278734,72
79,Pinus canariensis,Canary Island Pine,Pinus,0.18858774718465435,70
80,Eucalyptus Spp,Eucalyptus,Eucalyptus,0.18858774718465435,70
81,Quercus suber,Cork Oak,Quercus,0.17781130448838836,66
82,Magnolia grandiflora 'Saint Mary',Saint Mary Magnolia,Magnolia,0.17781130448838836,66
83,Leptospermum laevigatum,Australian Tea Tree,Leptospermum,0.1751171938143219,65
84,Prunus x yedoensis,Yoshino Cherry,Prunus,0.1724230831402554,64
85,Sequoia sempervirens,Coast Redwood,Sequoia,0.1724230831402554,64
86,Pittosporum tenuifolium,Tawhiwhi Pittosporum,Pittosporum,0.16164664044398944,60
87,Liriodendron tulipifera,Tulip Tree,Liriodendron,0.16164664044398944,60
88,Ulmus americana,American Elm,Ulmus,0.15625841909585647,58
89,Schinus molle,California Pepper,Schinus,0.15625841909585647,58
90,Prunus domestica 'Mariposa',Mariposa Plum,Prunus,0.15087019774772348,56
91,Podocarpus macrophyllus,Yew Pine,Podocarpus,0.15087019774772348,56
92,Podocarpus gracilor,Fern Pine,Podocarpus,0.14817608707365698,55
93,Melaleuca linariifolia,Flaxleaf Paperbark,Melaleuca,0.14548197639959048,54
94,Chamaerops humilis,Mediterranean Fan Palm,Chamaerops,0.14278786572552402,53
95,Cupaniopsis anacardioides,Carrotwood,Cupaniopsis,0.14278786572552402,53
96,Ceanothus 'Ray Hartman',California Lilac 'Ray Hartman',Ceanothus,0.14009375505145752,52
97,Ulmus spp,Elm Spp,Ulmus,0.14009375505145752,52
98,Prunus blireiana,Flowering Plum,Prunus,0.13739964437739102,51
99,Koelreuteria paniculata,Golden Rain Tree,Koelreuteria,0.13201142302925803,49
100,Acer x freemanii,Freeman Maple,Acer,0.12662320168112506,47
101,Eriobotrya japonica,Edible Loquat,Eriobotrya,0.12392909100705857,46
102,Cotoneaster SPP,Cotoneaster,Cotoneaster,0.1158467589848591,43
103,Robinia x ambigua 'Purple Robe',Purple Robe Locust,Robinia,0.1158467589848591,43
104,Agonis flexuosa 'After Dark',Peppermint willow 'After Dark',Agonis,0.11045853763672611,41
105,Cupressus sempervirens,Italian Cypress,Cupressus,0.10776442696265962,40
106,Ceanothus Sps,California lilac,Ceanothus,0.10507031628859313,39
107,Magnolia doltsopa,Himalayan Magnolia,Magnolia,0.10507031628859313,39
108,Fraxinus americana,American Ash,Fraxinus,0.10237620561452665,38
109,Acacia longifolia,Golden Wattle,Acacia,0.09968209494046017,37
110,Pyrus calleryana 'Bradford',Ornamental Pear: Bradford,Pyrus,0.09698798426639367,36
111,Ligustrum japonicum,Japanese Privet,Ligustrum,0.09698798426639367,36
112,Celtis sinensis,Chinese Hackberry,Celtis,0.09698798426639367,36
113,Pyrus calleryana 'Chanticleer',Ornamental Pear Tree 'Chanticleer',Pyrus,0.09429387359232717,35
114,Quercus ilex,Holly Oak,Quercus,0.09429387359232717,35
115,Pinus Spp,Pine Spp,Pinus,0.09159976291826068,34
116,Thuja occidentalis 'Emerald',Emerald Arborvitae,Thuja,0.09159976291826068,34
117,Pittosporum eugenioides,Tarata,Pittosporum,0.08890565224419418,33
118,Ulmus parvifolia 'Drake',Drake's Chinese Elm,Ulmus,0.08351743089606121,31
119,Citrus spp,Lemon: Orange: Lime,Citrus,0.08351743089606121,31
120,Melaleuca ericifolia,Heath Melaleuca,Melaleuca,0.08082332022199472,30
121,Platanus x hispanica 'Columbia',Columbia Hybrid Plane Tree,Platanus,0.08082332022199472,30
122,Brahea edulis,Guadalupe Palm,Brahea,0.08082332022199472,30
123,Acer rubrum 'Red Sunset',Red Swamp Maple,Acer,0.08082332022199472,30
124,Olea europaea 'Fruitless',Fruitless Olive,Olea,0.08082332022199472,30
125,Betula pendula,European White Birch,Betula,0.08082332022199472,30
126,Malus,Crab Apple,Malus,0.07812920954792824,29
127,Eucalyptus nicholii,Nichol's Willow-Leafed Peppermint,Eucalyptus,0.07812920954792824,29
128,Malus floribunda,Showy Crab Apple: Japanese Crabapple,Malus,0.07812920954792824,29
129,Olea europaea 'Wilsonii',Wilson Olive Semi-fruitless,Olea,0.07812920954792824,29
130,Prunus spp,Cherry,Prunus,0.07543509887386174,28
131,Fraxinus oxycarpa 'Raywood',Raywood Ash,Fraxinus,0.07543509887386174,28
132,Cinnamomum camphora,Camphor Tree,Cinnamomum,0.07543509887386174,28
133,Ceiba speciosa,Silk floss,Ceiba,0.07274098819979524,27
134,Magnolia grandiflora 'Russet',Russet Magnolia,Magnolia,0.07274098819979524,27
135,Ginkgo biloba 'Autumn Gold',Ginkgo: Autumn Gold,Ginkgo,0.07274098819979524,27
136,Cupressocyparis leylandii,Leyland Cypress,Cupressocyparis,0.07004687752572876,26
137,Cedrus deodara,Deodar Cedar,Cedrus,0.07004687752572876,26
138,Melaleuca styphelliodes,Paperbark Tree,Melaleuca,0.07004687752572876,26
139,Acer saccharinum,Silver Maple,Acer,0.07004687752572876,26
140,Quercus virginiana,Southern Live Oak,Quercus,0.06735276685166226,25
141,Rhaphiolepis indica,India Hawthorn,Rhaphiolepis,0.06465865617759578,24
142,Lagerstroemia indica,Crape Myrtle,Lagerstroemia,0.06465865617759578,24
143,Brugmansia spp,Angel trumpet,Brugmansia,0.06465865617759578,24
144,Magnolia champaca,Champa,Magnolia,0.061964545503529284,23
145,Shrub,Shrub,Shrub,0.061964545503529284,23
146,Cercis occidentalis,Western Redbud,Cercis,0.061964545503529284,23
147,Tilia cordata,Littleleaf Linden,Tilia,0.061964545503529284,23
148,Hymenosporum flavum,Sweet Shade,Hymenosporum,0.059270434829462794,22
149,Prunus cerasifera 'Atropurpurea',Purple-Leaf Plum,Prunus,0.059270434829462794,22
150,Crateagus spp,Hawthorn,Crateagus,0.059270434829462794,22
151,Hymenosporum flavum,Sweetshade,Hymenosporum,0.059270434829462794,22
152,Aesculus californica,California Buckeye,Aesculus,0.05657632415539631,21
153,Fraxinus oxycarpa,Ash,Fraxinus,0.05657632415539631,21
154,Magnolia x soulangiana,Saucer Magnolia,Magnolia,0.05657632415539631,21
155,Dodonaea viscosa,Hop Bush,Dodonaea,0.05657632415539631,21
156,Liquidambar styraciflua 'Rotundiloba',Roundleaf sweetgum,Liquidambar,0.05388221348132981,20
157,Syzygium australe,Eugenia,Syzygium,0.05388221348132981,20
158,Melaleuca nesophila,Pink Melaleuca,Melaleuca,0.05388221348132981,20
159,Corymbia maculata,Spotted Gum,Corymbia,0.05388221348132981,20
160,Eucalyptus camaldulensis,River Red Gum,Eucalyptus,0.051188102807263325,19
161,Ilex altaclarensis 'Wilsonii',Wilson Holly Tree,Ilex,0.051188102807263325,19
162,Pinus thunbergii,Japanese Black Pine,Pinus,0.051188102807263325,19
163,Pyrus calleryana 'New Bradford',New Bradford Pear,Pyrus,0.051188102807263325,19
164,Morus alba,White Mulberry,Morus,0.048493992133196835,18
165,Aesculus x carnea,Red Horse Chestnut,Aesculus,0.048493992133196835,18
166,Hakea suaveolens,Sweet Hakea Tree,Hakea,0.048493992133196835,18
167,Acer rubrum 'Armstrong',Armstrong Red Maple,Acer,0.048493992133196835,18
168,Elaeocarpus decipiens,Japanese Blueberry Tree,Elaeocarpus,0.048493992133196835,18
169,Olea europaea 'Majestic Beauty',Majestic Beauty Fruitless Olive,Olea,0.04579988145913034,17
170,Phoenix dactylifera,Date Palm,Phoenix,0.04310577078506385,16
171,Heteromeles arbutifolia,Toyon,Heteromeles,0.04310577078506385,16
172,Ilex aquifolium,European Holly,Ilex,0.04310577078506385,16
173,Persea americana,Avocado,Persea,0.04310577078506385,16
174,Cassia leptophylla,Gold Medallion Tree,Cassia,0.04310577078506385,16
175,Eucalyptus lehmanni,Bushy Yate,Eucalyptus,0.04310577078506385,16
176,Eucalyptus leucoxylon mac 'Rosea',Yellow Gum,Eucalyptus,0.04041166011099736,15
177,Ficus carica,Edible Fig,Ficus,0.04041166011099736,15
178,Pittosporum tobira,Japanese Mockorange,Pittosporum,0.03771754943693087,14
179,Magnolia spp,Magnolia,Magnolia,0.03771754943693087,14
180,Grevillea robusta,Silk Oak Tree,Grevillea,0.03771754943693087,14
181,Calocedrus decurrens,Incense Cedar,Calocedrus,0.03771754943693087,14
182,Prunus persica,Peach,Prunus,0.03502343876286438,13
183,Betula spp,Birch,Betula,0.03502343876286438,13
184,Araucaria heterophylla,Norfolk Island Pine,Araucaria,0.03502343876286438,13
185,Melaleuca spp,Melaleuca spp,Melaleuca,0.03502343876286438,13
186,Zelkova serrata,Sawleaf Zelkova,Zelkova,0.03502343876286438,13
187,Eriobotrya deflexa 'Coppertone',Coppertone Loquat,Eriobotrya,0.03502343876286438,13
188,Platanus racemosa,California Sycamore,Platanus,0.03502343876286438,13
189,Prunus cerasifera 'Krauter vesuvius',Purple Leaf Plum Krauter Vesuvius,Prunus,0.03502343876286438,13
190,Acacia spp,Acacia Spp,Acacia,0.03232932808879789,12
191,Ginkgo biloba 'Fairmont',Fairmont Ginkgo,Ginkgo,0.03232932808879789,12
192,Casuarina cunninghamiana,Horsetail pine,Casuarina,0.03232932808879789,12
193,Fraxinus americana 'Autumn Purple',American Autumn Purple Ash,Fraxinus,0.029635217414731397,11
194,Prunus lyonii,Catalina Cherry,Prunus,0.029635217414731397,11
195,Ficus rubiginosa,Port Jackson Fig,Ficus,0.029635217414731397,11
196,Acacia baileyana 'Purpurea',Purple-leaf Acacia,Acacia,0.029635217414731397,11
197,Albizia julibrissin,Mimosa Silk Tree,Albizia,0.029635217414731397,11
198,Corymbia citriodora,Lemon Scented Gum,Corymbia,0.029635217414731397,11
199,Pittosporum spp,Pittosporum spp,Pittosporum,0.029635217414731397,11
200,Araucaria columnaris,Coral reef araucaria,Araucaria,0.029635217414731397,11
201,Ilex spp,Holly Species,Ilex,0.029635217414731397,11
202,Alnus rhombifolia,White Alder,Alnus,0.029635217414731397,11
203,Potential Site,Potential Site,Potential,0.029635217414731397,11
204,Gleditsia triacanthos,Honey Locust,Gleditsia,0.029635217414731397,11
205,Cercis canadensis,Eastern Redbud,Cercis,0.026941106740664904,10
206,Eucalyptus viminalis,Manna Gum,Eucalyptus,0.026941106740664904,10
207,Populus spp,Poplar Spp,Populus,0.026941106740664904,10
208,Ficus Spp.,,Ficus,0.026941106740664904,10
209,Carpinus betulus,European Hornbeam,Carpinus,0.026941106740664904,10
210,Fremontodendron spp,Flannel Bush Tree,Fremontodendron,0.026941106740664904,10
211,Laurus x 'Saratoga',Hybrid Laurel,Laurus,0.026941106740664904,10
212,Tibochina urvilleana,Princess Flower,Tibochina,0.024246996066598418,9
213,Pyrus spp,Pear Tree,Pyrus,0.024246996066598418,9
214,Leptospermum scoparium 'Ruby Glow',New Zealand Ruby Glow Tea Tree,Leptospermum,0.024246996066598418,9
215,Picea Spp,Spruce Spp,Picea,0.024246996066598418,9
216,Cedrus atlantica,Atlas Cedar,Cedrus,0.024246996066598418,9
217,Archontophoenix cunninghamiana,King Palm,Archontophoenix,0.024246996066598418,9
218,Yucca elephantipes,Giant Yucca,Yucca,0.021552885392531924,8
219,Pyracantha  'Santa Cruz',Firethorn Tree 'Santa Cruz',Pyracantha,0.021552885392531924,8
220,Ulmus 'Prospector',Prospector Elm,Ulmus,0.021552885392531924,8
221,Magnolia grandiflora 'Majestic Beauty',Majestic Beauty Magnolia,Magnolia,0.021552885392531924,8
222,Acer spp,Maple,Acer,0.021552885392531924,8
223,Liquidambar orientalis,Oriental Sweet Gum,Liquidambar,0.021552885392531924,8
224,Aesculus x carnea 'Briotii',Ruby Horse Chestnut,Aesculus,0.021552885392531924,8
225,Salix babylonica,Weeping Willow,Salix,0.021552885392531924,8
226,Robinia pseudoacacia,Black Locust,Robinia,0.021552885392531924,8
227,Acacia cognata,River Wattle,Acacia,0.021552885392531924,8
228,Pseudotsuga menziesii,Douglas Fir,Pseudotsuga,0.021552885392531924,8
229,Quercus tomentella,Island oak,Quercus,0.018858774718465435,7
230,Acer macrophyllum,Big Leaf Maple,Acer,0.018858774718465435,7
231,Eucalyptus robusta,Swamp mahogany,Eucalyptus,0.018858774718465435,7
232,Prunus subhirtella 'Pendula',Weeping Cherry,Prunus,0.018858774718465435,7
233,Nerium oleander,Oleander,Nerium,0.018858774718465435,7
234,Koelreuteria bipinnata,Chinese Flame Tree,Koelreuteria,0.018858774718465435,7
235,Acer palmatum 'Bloodgood',Bloodgood Japanese Maple,Acer,0.018858774718465435,7
236,Celtis occidentalis,Common Hackberry,Celtis,0.018858774718465435,7
237,Acacia decurrens,Acacia: Silver Wattle,Acacia,0.018858774718465435,7
238,Umbellularia californica,California Bay,Umbellularia,0.018858774718465435,7
239,Quercus spp,Oak,Quercus,0.018858774718465435,7
240,Acer rubrum 'October Glory',Red October Glory Maple,Acer,0.018858774718465435,7
241,Arecastrum romanzoffianum,Queen Palm,Arecastrum,0.018858774718465435,7
242,Dracaena draco,Dragon Tree,Dracaena,0.016164664044398945,6
243,Prunus laurocerasus,English laurel,Prunus,0.016164664044398945,6
244,Salix spp,Willow,Salix,0.016164664044398945,6
245,Ficus macrophylla,Morton Bay Fig,Ficus,0.016164664044398945,6
246,Cussonia spicata,Cabbage tree,Cussonia,0.016164664044398945,6
247,Prunus caroliniana,Carolina Cherry Laurel,Prunus,0.016164664044398945,6
248,Magnolia grandiflora 'D.D. Blanchard',D.D. Blanchard Southern Magnolia,Magnolia,0.016164664044398945,6
249,Juglans regia,Walnut: English,Juglans,0.016164664044398945,6
250,Dicksonia antarctica,Soft Tree Fern,Dicksonia,0.016164664044398945,6
251,Metasequoia glyplostroboides,Dawn Redwood,Metasequoia,0.016164664044398945,6
252,Bambusa spp,Bamboo Species,Bambusa,0.016164664044398945,6
253,Persea indica,Indian Bay,Persea,0.013470553370332452,5
254,Prunus armeniaca,Apricot,Prunus,0.013470553370332452,5
255,Ginkgo biloba 'Princeton Sentry',Princeton Sentry Maidenhair,Ginkgo,0.013470553370332452,5
256,Fraxinus x Moraine,Moraine Ash,Fraxinus,0.013470553370332452,5
257,Cotinus coggygria 'Royal Purple',Smoke tree,Cotinus,0.013470553370332452,5
258,Banksia integrifolia,Coast Banksia,Banksia,0.013470553370332452,5
259,Quillaja saponaria,Chilean Soapbark,Quillaja,0.013470553370332452,5
260,Styphnolobium japonicum,Chinese scholar tree,Styphnolobium,0.013470553370332452,5
261,Photinia fraseri,Photinia Tree,Photinia,0.013470553370332452,5
262,Grevillea 'Red Hooks',Silk Oak Tree 'Red Hooks',Grevillea,0.013470553370332452,5
263,:: Tree,,::,0.013470553370332452,5
264,Pyrus calleryana 'Redspire',Ornamental Pear Tree 'Redspire',Pyrus,0.010776442696265962,4
265,Citrus aurantifolia 'Bearss',Seedless Lime,Citrus,0.010776442696265962,4
266,Palm (unknown Genus),Palm Spp,Palm,0.010776442696265962,4
267,Syringa,Lilac Tree,Syringa,0.010776442696265962,4
268,Cupressus arizonica,Arizona Cypress,Cupressus,0.010776442696265962,4
269,Quercus rubra,Red Oak,Quercus,0.010776442696265962,4
270,Olea europaea 'Swan Hill',Olive,Olea,0.010776442696265962,4
271,Brachychiton populneus,Bottle Tree,Brachychiton,0.010776442696265962,4
272,Alnus cordata,Italian Alder,Alnus,0.010776442696265962,4
273,Olea Majestic Beauty,,Olea,0.010776442696265962,4
274,Washingtonia filifera,California Fan Palm,Washingtonia,0.010776442696265962,4
275,Chitalpa tashkentensis,,Chitalpa,0.010776442696265962,4
276,Celtis australis,European Hackberry,Celtis,0.010776442696265962,4
277,Prunus x yedoensis 'Akebono',Daybreak Yoshino Cherry,Prunus,0.010776442696265962,4
278,Tilia tomentosa,Silver Linden,Tilia,0.010776442696265962,4
279,Prunus spp 'Purpurea',Cherry Plum,Prunus,0.008082332022199473,3
280,Quercus lobata,Valley Oak,Quercus,0.008082332022199473,3
281,Eucalyptus rudis,Swamp Gum: Flooded Gum,Eucalyptus,0.008082332022199473,3
282,Yucca spp,Yucca,Yucca,0.008082332022199473,3
283,Pinus halepensis,Allepo Pine,Pinus,0.008082332022199473,3
284,Cercis canadensis 'Forest Pansy',Forest Pansy Redbud,Cercis,0.008082332022199473,3
285,Populus tremuloides,Quaking aspen,Populus,0.008082332022199473,3
286,Musa spp,Banana,Musa,0.008082332022199473,3
287,Gleditsia triacanthos 'Sunburst',Sunburst Honey Locust,Gleditsia,0.008082332022199473,3
288,Prunus ilicifoia,Holly-leaved Cherry,Prunus,0.008082332022199473,3
289,Eucalyptus cinerea,Ash-colored Eucalyptus,Eucalyptus,0.008082332022199473,3
290,Robinia x ambigua,Locust,Robinia,0.008082332022199473,3
291,Howea forsteriana,Kentia Palm,Howea,0.008082332022199473,3
292,Eucalyptus pulverulenta,Silver Mountain Gum Tree,Eucalyptus,0.008082332022199473,3
293,Quercus engelmannii,Engelmann oak,Quercus,0.008082332022199473,3
294,Albizia distachya,Plume Albizia Tree,Albizia,0.008082332022199473,3
295,Pinus muricata,Bishop Pine,Pinus,0.008082332022199473,3
296,Prunus serrulata 'Mt. Fuji',Mt. Fuji Cherry Tree,Prunus,0.008082332022199473,3
297,Araucaria araucana,Monkey puzzle,Araucaria,0.008082332022199473,3
298,Salix matsudana 'Tortuosa',Corkscrew Willow,Salix,0.008082332022199473,3
299,Pyrus calleryana 'Capital',Ornamental Pear Tree 'Capital',Pyrus,0.008082332022199473,3
300,Betula nigra,River Birch,Betula,0.008082332022199473,3
301,Persea borbonia,False Avocado,Persea,0.008082332022199473,3
302,Solanum rantonnetti,,Solanum,0.005388221348132981,2
303,Aesculus hippocastanum,White Horsechestnut,Aesculus,0.005388221348132981,2
304,Schefflera species,Umbrella tree,Schefflera,0.005388221348132981,2
305,Gleditsia triacanthos 'Aurea',Honey Locust 'Aurea',Gleditsia,0.005388221348132981,2
306,Sapium sebiferum,Chinese Tallow,Sapium,0.005388221348132981,2
307,Acca sellowiana,Pineapple Guava Tree,Acca,0.005388221348132981,2
308,Casurina stricta,Beefwood: Drooping She-Oak,Casurina,0.005388221348132981,2
309,Quercus palustris,Pin Oak,Quercus,0.005388221348132981,2
310,Myrica californica,Pacific Wax Myrtle Tree,Myrica,0.005388221348132981,2
311,Podocarpus henkelii,Long-Leafed Yellow-Wood,Podocarpus,0.005388221348132981,2
312,Thuja plicata,Western Red Cedar,Thuja,0.005388221348132981,2
313,Fagus sylvatica,European Beech,Fagus,0.005388221348132981,2
314,Rhus lancea,African Sumac,Rhus,0.005388221348132981,2
315,Cornus florida,Eastern Dogwood,Cornus,0.005388221348132981,2
316,Phoenix roebelenii,Pigmy Date Palm,Phoenix,0.005388221348132981,2
317,Prunus amygdalus,Almond,Prunus,0.005388221348132981,2
318,Tilia spp,Linden,Tilia,0.005388221348132981,2
319,Tilia americana,Basswood Linden,Tilia,0.005388221348132981,2
320,Grevillea spp,Silkoak species,Grevillea,0.005388221348132981,2
321,Cryptomeria japonica,Japanese Cryptomeria,Cryptomeria,0.005388221348132981,2
322,Salix discolor,Pussy Willow,Salix,0.005388221348132981,2
323,Quercus robur,English Oak,Quercus,0.005388221348132981,2
324,Ficus laurel,,Ficus,0.005388221348132981,2
325,Gleditsia triacanthos 'Shademaster',Honey Locust 'Shademaster',Gleditsia,0.005388221348132981,2
326,Psidium guajava,Guava tree,Psidium,0.005388221348132981,2
327,Phoenix spp,Date palm (species unknown),Phoenix,0.005388221348132981,2
328,Private shrub,Private Shrub,Private,0.005388221348132981,2
329,Juglans nigra,Eastern black walnut,Juglans,0.005388221348132981,2
330,Platanus orientalis,Eastern Plane Tree,Platanus,0.005388221348132981,2
331,Ginkgo biloba 'Saratoga',Ginkgo: Saratoga,Ginkgo,0.005388221348132981,2
332,Azara microphylla,Little-Leaf Azara,Azara,0.005388221348132981,2
333,Acacia cyclops,Cyclops wattle,Acacia,0.005388221348132981,2
334,Nyssa sylvatica,Tupelo: Sour Gum,Nyssa,0.005388221348132981,2
335,Viburnum odoratissimum var. awabuki,Sweet viburnum,Viburnum,0.005388221348132981,2
336,Corymbia calophylla,,Corymbia,0.005388221348132981,2
337,Prunus lusitanica,Portugese Cherry Laurel,Prunus,0.005388221348132981,2
338,Fraxinus ornus,Flowering Ash,Fraxinus,0.005388221348132981,2
339,Acer circinatum,Vine Maple,Acer,0.005388221348132981,2
340,Prunus serrulata 'Amanagawa',Flowering Cherry Tree 'Amanagawa',Prunus,0.005388221348132981,2
341,Aloe barberae,Tree aloe,Aloe,0.005388221348132981,2
342,Cedrela fissilis,Argentine cedar,Cedrela,0.0026941106740664906,1
343,Juglans californica,Walnut: Black (s.calif),Juglans,0.0026941106740664906,1
344,Citrus × meyeri 'Improved',Improved Meyer Lemon,Citrus,0.0026941106740664906,1
345,Lagerstroemia indica 'Tuscarora',Tuscarora Crape Myrtle,Lagerstroemia,0.0026941106740664906,1
346,Eucalyptus longifolia,Woollybutt,Eucalyptus,0.0026941106740664906,1
347,Diospyros kaki,Persimmon,Diospyros,0.0026941106740664906,1
348,Radermachera sinica,China Doll Tree,Radermachera,0.0026941106740664906,1
349,Callistemon 'Jeffers',Purple bottlebrush,Callistemon,0.0026941106740664906,1
350,Ilex opaca,American Holly,Ilex,0.0026941106740664906,1
351,Arbutus unedo 'Compacta',Dwarf strawberry tree,Arbutus,0.0026941106740664906,1
352,Ulmus 'Frontier',Frontier Elm,Ulmus,0.0026941106740664906,1
353,Acer x 'Autumn Blaze',Hybrid Maple,Acer,0.0026941106740664906,1
354,Citrus × limon 'Lisbon',Lisbon Lemon Tree,Citrus,0.0026941106740664906,1
355,Metrosideros excelsa 'Aurea',,Metrosideros,0.0026941106740664906,1
356,Vitex lucens,Puriri tree,Vitex,0.0026941106740664906,1
357,Cornus SPP,Dogwood,Cornus,0.0026941106740664906,1
358,Angohpora spp.,Angophora species,Angohpora,0.0026941106740664906,1
359,Pinus contorta,Shore Pine,Pinus,0.0026941106740664906,1
360,Eucalyptus torquata,Coral Gum,Eucalyptus,0.0026941106740664906,1
361,Tecoma stans,Trumpet bush,Tecoma,0.0026941106740664906,1
362,Ailanthus altissima,Tree Of Heaven,Ailanthus,0.0026941106740664906,1
363,Prunus sp,Flowering Plum,Prunus,0.0026941106740664906,1
364,Macadamia tetraphylla,Macadamia,Macadamia,0.0026941106740664906,1
365,Punica granatum 'Wonderfu,Pomegranate Tree 'Wonderful',Punica,0.0026941106740664906,1
366,Prunus sargentii 'Columnaris',Sargent Cherry Tree 'Columnaris',Prunus,0.0026941106740664906,1
367,Archontophoenix myolensis,Myola palm,Archontophoenix,0.0026941106740664906,1
368,Rhopalostylis baueri,Palm,Rhopalostylis,0.0026941106740664906,1
369,Malus sylvestris,Apple,Malus,0.0026941106740664906,1
370,Ulmus parvifolia 'Sempervirens',Weeping Chinese Elm,Ulmus,0.0026941106740664906,1
371,Mangifera indica,Mango,Mangifera,0.0026941106740664906,1
372,Dypsis cabadae,Cabada palm,Dypsis,0.0026941106740664906,1
373,Arctostaphylos manzanita 'Dr Hurd',Dr. Hurd Manzanita,Arctostaphylos,0.0026941106740664906,1
374,Privet,,Privet,0.0026941106740664906,1
375,Morus rubra,Red mulbeerry,Morus,0.0026941106740664906,1
376,Butia capitata,Pindo Palm,Butia,0.0026941106740664906,1
377,Cycas revoluta,Sago palm,Cycas,0.0026941106740664906,1
378,Ulmus carpinifolia 'Frontier',Frontier Elm 'Frontier',Ulmus,0.0026941106740664906,1
379,Auranticarpa rhombifolia,Queensland Pittosporum,Auranticarpa,0.0026941106740664906,1
380,Ulmus procera,English Elm,Ulmus,0.0026941106740664906,1
381,Liquidambar styraciflua 'Palo Alto',Palo Alto Sweet Gum,Liquidambar,0.0026941106740664906,1
382,Brachychiton acerifolius,Australian Flame Tree,Brachychiton,0.0026941106740664906,1
383,Quercus alba,White oak,Quercus,0.0026941106740664906,1
384,Chamaecyparis obtusa,Hinoki cypress,Chamaecyparis,0.0026941106740664906,1
385,Styrax japonicus,Japanese Snowdrop Tree,Styrax,0.0026941106740664906,1
386,Magnolia sargentiana 'Robusta',Robusta Magnolia,Magnolia,0.0026941106740664906,1
387,Aesculus x carnea 'O'Neill',O'Neill Red Horse Chestnut,Aesculus,0.0026941106740664906,1
388,Abutilon hybridum,Flowering maple,Abutilon,0.0026941106740664906,1
389,Chiranthodendron pentadactylon,Monkey Hand Tree,Chiranthodendron,0.0026941106740664906,1
390,Cedrus libani,Lebanon cedar,Cedrus,0.0026941106740664906,1
391,Jubaea chilensis,Chilean Wine Palm,Jubaea,0.0026941106740664906,1
392,Caryota maxima 'Himalaya',Himalayan Fishtail Palm,Caryota,0.0026941106740664906,1
393,Cassia excelsa,Crown of Gold Tree,Cassia,0.0026941106740664906,1
394,Leptospermum scoparium 'Snow White',New Zealand White Tea Tree,Leptospermum,0.0026941106740664906,1
395,Cercocarpus betuloides,Mountain mahogany,Cercocarpus,0.0026941106740664906,1
396,Chamaecyparis species,,Chamaecyparis,0.0026941106740664906,1
397,Fraxinus velutina,Modesto Ash,Fraxinus,0.0026941106740664906,1
398,Dypsis decaryi,Triangle palm,Dypsis,0.0026941106740664906,1
399,Rhopalostylis sapida,Nikau palm,Rhopalostylis,0.0026941106740664906,1
400,Moringa oleifera,Drumstick tree,Moringa,0.0026941106740664906,1
401,Callistemon salignus,White flowering bottlebrush,Callistemon,0.0026941106740664906,1
402,Corylus colurna,Hazel: Turkish,Corylus,0.0026941106740664906,1
403,Taxodium mucronatum,Montezuma Cypress,Taxodium,0.0026941106740664906,1
404,Acer negundo,Box Elder,Acer,0.0026941106740664906,1
405,Eucalyptus saligna,Sidney Blue Gum,Eucalyptus,0.0026941106740664906,1
406,Acer rubrum 'Autumn Glory',Red Maple Tree 'Autumn Glory',Acer,0.0026941106740664906,1
407,Platanus x hispanica 'Bloodgood',Bloodgood London Plane,Platanus,0.0026941106740664906,1
408,Ligustrum ovalifolium,California privet,Ligustrum,0.0026941106740664906,1
409,Prunus subhirtella 'autumnalis',Higan Cherry,Prunus,0.0026941106740664906,1
410,Acer japonicum,Japanese Maple,Acer,0.0026941106740664906,1
411,Pinus torreyana,Torrey Pine,Pinus,0.0026941106740664906,1
412,Liquidambar styraciflua 'Festival',Festival Sweet Gum,Liquidambar,0.0026941106740664906,1
413,Lagerstroemia spp,Crape myrtle species,Lagerstroemia,0.0026941106740664906,1
414,Juglans hindsii,Walnut: Black (n.calif),Juglans,0.0026941106740664906,1
415,Metrosideros spp,,Metrosideros,0.0026941106740664906,1
416,Acacia dealbata,Silver Wattle,Acacia,0.0026941106740664906,1
417,Phoenix rupicola,Cliff date palm,Phoenix,0.0026941106740664906,1
418,Pyrus calleryana 'Cleveland',Ornamental Pear Tree 'Cleveland',Pyrus,0.0026941106740664906,1
